[
    {
        "text":"Dil ye bekarar",
        "category":"adult"
    },
    {
        "text":"Behne de muje behne de",
        "category":"adult"
    },
    {
        "text":"buy wine only",
        "category":"drug"
    }, 
    {
        "text":"Download Free Fire",
        "category":"adult"
    },
    {
        "text":"Play Free Fire on Pc",
        "category":"adult"
    },
    
        {
            "text":"Gameloop lates version download",
            "category":"adult"
        },
        {
            "text":"tiktok.com/",
            "category":"adult"
        }
    
   
]